vertexId,osm_node_id,point
1,414664144,POINT (129.0461223 35.1565073)
2,414664247,POINT (129.0655548 35.1495032)
3,414664268,POINT (129.0499998 35.1524539)
4,414664297,POINT (129.0497267 35.1623005)
5,436724876,POINT (129.0591880 35.1482149)
6,436724881,POINT (129.0593306 35.1521898)
7,436724885,POINT (129.0592820 35.1544766)
8,436724889,POINT (129.0590760 35.1571368)
9,436724893,POINT (129.0601880 35.1589952)
10,436724899,POINT (129.0621042 35.1614039)
11,436724914,POINT (129.0659421 35.1670472)
12,436773795,POINT (129.0654386 35.1577538)
13,436773797,POINT (129.0660416 35.1577768)
14,436773799,POINT (129.0672138 35.1577768)
15,436774037,POINT (129.0458400 35.1593700)
16,436774040,POINT (129.0502617 35.1600962)
17,436774373,POINT (129.0578688 35.1506167)
18,436774383,POINT (129.0572220 35.1558848)
19,436774385,POINT (129.0571945 35.1568268)
20,436776364,POINT (129.0514300 35.1476400)
21,436776369,POINT (129.0497100 35.1496500)
22,436776375,POINT (129.0486100 35.1570774)
23,436776377,POINT (129.0482700 35.1577600)
24,436776383,POINT (129.0499744 35.1614517)
25,436778506,POINT (129.0519816 35.1632436)
26,436801632,POINT (129.0718927 35.1534056)
27,436801650,POINT (129.0534822 35.1648590)
28,436805574,POINT (129.0682868 35.1577768)
29,436805582,POINT (129.0517098 35.1641177)
30,436805611,POINT (129.0631592 35.1490355)
31,436805613,POINT (129.0621573 35.1505897)
32,436805615,POINT (129.0547615 35.1559290)
33,436809268,POINT (129.0578067 35.1577217)
34,436809269,POINT (129.0592930 35.1577400)
35,436823277,POINT (129.0624398 35.1491400)
36,436823289,POINT (129.0609940 35.1501553)
37,436823291,POINT (129.0592925 35.1501890)
38,436832315,POINT (129.0578083 35.1544806)
39,436837741,POINT (129.0671943 35.1597510)
40,436837742,POINT (129.0667304 35.1599370)
41,436837747,POINT (129.0654300 35.1604538)
42,436837764,POINT (129.0684402 35.1504849)
43,436837765,POINT (129.0684233 35.1518150)
44,436837768,POINT (129.0683888 35.1545268)
45,436838201,POINT (129.0624028 35.1507115)
46,436838204,POINT (129.0623791 35.1544995)
47,436838205,POINT (129.0623551 35.1572247)
48,436838264,POINT (129.0392003 35.1654325)
49,436838276,POINT (129.0469658 35.1657467)
50,436838287,POINT (129.0489900 35.1670500)
51,436843158,POINT (129.0578239 35.1534261)
52,436843175,POINT (129.0578025 35.1584394)
53,436843178,POINT (129.0572734 35.1588036)
54,436843182,POINT (129.0560354 35.1597884)
55,436843185,POINT (129.0556279 35.1606539)
56,436843186,POINT (129.0555402 35.1610749)
57,436846738,POINT (129.0542227 35.1640167)
58,436848721,POINT (129.0555803 35.1494358)
59,436848756,POINT (129.0622667 35.1619759)
60,436848760,POINT (129.0611447 35.1636511)
61,436848769,POINT (129.0595531 35.1629756)
62,436848770,POINT (129.0605052 35.1634238)
63,436848773,POINT (129.0628627 35.1644874)
64,436853289,POINT (129.0554230 35.1624681)
65,436853290,POINT (129.0550297 35.1630283)
66,436853325,POINT (129.0553279 35.1626120)
67,436853333,POINT (129.0546541 35.1641711)
68,436859082,POINT (129.0479999 35.1513923)
69,436859083,POINT (129.0487535 35.1517923)
70,436859084,POINT (129.0495048 35.1521911)
71,436859095,POINT (129.0540297 35.1482513)
72,436859106,POINT (129.0494522 35.1532683)
73,436860589,POINT (129.0480683 35.1442640)
74,436870939,POINT (129.0654781 35.1545214)
75,436870942,POINT (129.0654365 35.1574184)
76,436870944,POINT (129.0654484 35.1585658)
77,436870950,POINT (129.0654242 35.1632622)
78,436870954,POINT (129.0640192 35.1638379)
79,436871121,POINT (129.0630289 35.1545044)
80,436873302,POINT (129.0547334 35.1577122)
81,436873307,POINT (129.0546739 35.1606500)
82,436873310,POINT (129.0561848 35.1613921)
83,436873421,POINT (129.0692841 35.1615374)
84,436873423,POINT (129.0690368 35.1624920)
85,436873431,POINT (129.0773004 35.1730592)
86,436882671,POINT (129.0897094 35.1497498)
87,444690028,POINT (129.0628390 35.1664821)
88,444690031,POINT (129.0644680 35.1666114)
89,444690035,POINT (129.0667587 35.1654305)
90,884174956,POINT (129.0341204 35.1475904)
91,1450699274,POINT (129.0653375 35.1502500)
92,1450699275,POINT (129.0584228 35.1506779)
93,1450699276,POINT (129.0599494 35.1507177)
94,1450699277,POINT (129.0661739 35.1517948)
95,1450699278,POINT (129.0672696 35.1518046)
96,1450699283,POINT (129.0655012 35.1521011)
97,1450699284,POINT (129.0578511 35.1521741)
98,1450699285,POINT (129.0584106 35.1521823)
99,1450699287,POINT (129.0654999 35.1522336)
100,1450699290,POINT (129.0568052 35.1534137)
101,1450699291,POINT (129.0583967 35.1534249)
102,1450699293,POINT (129.0608432 35.1534462)
103,1450699294,POINT (129.0617529 35.1534572)
104,1450699295,POINT (129.0623832 35.1534647)
105,1450699296,POINT (129.0629726 35.1534718)
106,1450699297,POINT (129.0638798 35.1534827)
107,1450699298,POINT (129.0648314 35.1534942)
108,1450699299,POINT (129.0652986 35.1534998)
109,1450699300,POINT (129.0599096 35.1539967)
110,1450699301,POINT (129.0608364 35.1540008)
111,1450699303,POINT (129.0617430 35.1540049)
112,1450699305,POINT (129.0608304 35.1544879)
113,1450699306,POINT (129.0617375 35.1544947)
114,1450699307,POINT (129.0629622 35.1545039)
115,1450699308,POINT (129.0583919 35.1544868)
116,1450699309,POINT (129.0648261 35.1545179)
117,1450699310,POINT (129.0661514 35.1545226)
118,1450699311,POINT (129.0672358 35.1545247)
119,1450699312,POINT (129.0661478 35.1549667)
120,1450699313,POINT (129.0672302 35.1549740)
121,1450699314,POINT (129.0683705 35.1549820)
122,1450699315,POINT (129.0652759 35.1553931)
123,1450699316,POINT (129.0577954 35.1553511)
124,1450699317,POINT (129.0583848 35.1553520)
125,1450699318,POINT (129.0592507 35.1553681)
126,1450699319,POINT (129.0608663 35.1553564)
127,1450699320,POINT (129.0617220 35.1553635)
128,1450699321,POINT (129.0623683 35.1553690)
129,1450699322,POINT (129.0638590 35.1553814)
130,1450699323,POINT (129.0654698 35.1554018)
131,1450699324,POINT (129.0648213 35.1553894)
132,1450699326,POINT (129.0661441 35.1554059)
133,1450699327,POINT (129.0672247 35.1554124)
134,1450699328,POINT (129.0683530 35.1554190)
135,1450699329,POINT (129.0598824 35.1559064)
136,1450699330,POINT (129.0608508 35.1559073)
137,1450699332,POINT (129.0672201 35.1561509)
138,1450699333,POINT (129.0661381 35.1561409)
139,1450699334,POINT (129.0608504 35.1563785)
140,1450699335,POINT (129.0592379 35.1564287)
141,1450699336,POINT (129.0583760 35.1564395)
142,1450699337,POINT (129.0598741 35.1564269)
143,1450699338,POINT (129.0623562 35.1565051)
144,1450699339,POINT (129.0638464 35.1565212)
145,1450699340,POINT (129.0648153 35.1565317)
146,1450699341,POINT (129.0654591 35.1565251)
147,1450699342,POINT (129.0652623 35.1565364)
148,1450699343,POINT (129.0661349 35.1565219)
149,1450699344,POINT (129.0672183 35.1565284)
150,1450699345,POINT (129.0652324 35.1572997)
151,1450699346,POINT (129.0602647 35.1568087)
152,1450699347,POINT (129.0661319 35.1568818)
153,1450699348,POINT (129.0672166 35.1568929)
154,1450699349,POINT (129.0683271 35.1569062)
155,1450699350,POINT (129.0577716 35.1569572)
156,1450699352,POINT (129.0606926 35.1572227)
157,1450699353,POINT (129.0612042 35.1572233)
158,1450699354,POINT (129.0638476 35.1572317)
159,1450699355,POINT (129.0648115 35.1572425)
160,1450699357,POINT (129.0584074 35.1577294)
161,1450699361,POINT (129.0661244 35.1577768)
162,1450699362,POINT (129.0648120 35.1577387)
163,1450699368,POINT (129.0596016 35.1582548)
164,1450699369,POINT (129.0606633 35.1582620)
165,1450699370,POINT (129.0586708 35.1582991)
166,1450699372,POINT (129.0648038 35.1582960)
167,1450699374,POINT (129.0607901 35.1586603)
168,1450699375,POINT (129.0647877 35.1600489)
169,1450699376,POINT (129.0638034 35.1604303)
170,1450699377,POINT (129.0623001 35.1605152)
171,1450699379,POINT (129.0629430 35.1607573)
172,1450706739,POINT (129.0499746 35.1623596)
173,1480706750,POINT (129.0573632 35.1521699)
174,1762982009,POINT (129.0636539 35.1487258)
175,1762982030,POINT (129.0631658 35.1488052)
176,1762982067,POINT (129.0639628 35.1489815)
177,1762982077,POINT (129.0631831 35.1488874)
178,1762982120,POINT (129.0631782 35.1489586)
179,1762982130,POINT (129.0633230 35.1489300)
180,1762982154,POINT (129.0627398 35.1485507)
181,1764274421,POINT (129.0692773 35.1503842)
182,1764282589,POINT (129.0656130 35.1495190)
183,1764282591,POINT (129.0653163 35.1520182)
184,1764282612,POINT (129.0668499 35.1473049)
185,1764293566,POINT (129.0676432 35.1499881)
186,1764293575,POINT (129.0676088 35.1500526)
187,1764293596,POINT (129.0688133 35.1502433)
188,1764293632,POINT (129.0682395 35.1503146)
189,1764293717,POINT (129.0897171 35.1496141)
190,1764293731,POINT (129.0619620 35.1500342)
191,1764293778,POINT (129.0675758 35.1501087)
192,1764293816,POINT (129.0692692 35.1502411)
193,1764293818,POINT (129.0678772 35.1502684)
194,1764380175,POINT (129.0472615 35.1569482)
195,1764380177,POINT (129.0483558 35.1576214)
196,1764380197,POINT (129.0464208 35.1575521)
197,1764380213,POINT (129.0489939 35.1592442)
198,1764380225,POINT (129.0483711 35.1580547)
199,1764380235,POINT (129.0497236 35.1583472)
200,1764861048,POINT (129.0481162 35.1662228)
201,1764861060,POINT (129.0460699 35.1660225)
202,1764899517,POINT (129.0506630 35.1683306)
203,1764899524,POINT (129.0502361 35.1647510)
204,1764899540,POINT (129.0503173 35.1647695)
205,1764899597,POINT (129.0502908 35.1640519)
206,1764981738,POINT (129.0477124 35.1625146)
207,1764984084,POINT (129.0521098 35.1695718)
208,1764986191,POINT (129.0549511 35.1623247)
209,1767576712,POINT (129.0557307 35.1484881)
210,1767576862,POINT (129.0559547 35.1477985)
211,1767576886,POINT (129.0554566 35.1499641)
212,1768225192,POINT (129.0557013 35.1620718)
213,1768225209,POINT (129.0646773 35.1665853)
214,1768225243,POINT (129.0650210 35.1665117)
215,1768225260,POINT (129.0649261 35.1665315)
216,1768225281,POINT (129.0555121 35.1623413)
217,1768226228,POINT (129.0578825 35.1627325)
218,1768226232,POINT (129.0576705 35.1638189)
219,1768279391,POINT (129.0505533 35.1575573)
220,1768279397,POINT (129.0562851 35.1507412)
221,1768279405,POINT (129.0497197 35.1614265)
222,1768279406,POINT (129.0503769 35.1583024)
223,1768279414,POINT (129.0507904 35.1575992)
224,1768279419,POINT (129.0550637 35.1516418)
225,1768279424,POINT (129.0501643 35.1640491)
226,1768279431,POINT (129.0529234 35.1699929)
227,1768279432,POINT (129.0528923 35.1700563)
228,1768279445,POINT (129.0568922 35.1520289)
229,1768279452,POINT (129.0569757 35.1520539)
230,1768279457,POINT (129.0578651 35.1511539)
231,1768279467,POINT (129.0500615 35.1632199)
232,1768284615,POINT (129.0501483 35.1646618)
233,1768284632,POINT (129.0502189 35.1624668)
234,1768284647,POINT (129.0499873 35.1644393)
235,1768284650,POINT (129.0499505 35.1622518)
236,1768284654,POINT (129.0440066 35.1624651)
237,1768284662,POINT (129.0479329 35.1624897)
238,1768284677,POINT (129.0502443 35.1665444)
239,1768284697,POINT (129.0500972 35.1634131)
240,1768284704,POINT (129.0408518 35.1586825)
241,1768284774,POINT (129.0500785 35.1654058)
242,1768284798,POINT (129.0493127 35.1608784)
243,1768284799,POINT (129.0489527 35.1625690)
244,1768284801,POINT (129.0485143 35.1625920)
245,1768284805,POINT (129.0502208 35.1632939)
246,1768284820,POINT (129.0509047 35.1627625)
247,1768284831,POINT (129.0497392 35.1639263)
248,1768284835,POINT (129.0496809 35.1621280)
249,1768284843,POINT (129.0496884 35.1616249)
250,1768284844,POINT (129.0498186 35.1609192)
251,1768284845,POINT (129.0487255 35.1628073)
252,1768284859,POINT (129.0500369 35.1646617)
253,1768284866,POINT (129.0487662 35.1621525)
254,1768284871,POINT (129.0505887 35.1613098)
255,1768296101,POINT (129.0571735 35.1575449)
256,1768296122,POINT (129.0577627 35.1575526)
257,1768296127,POINT (129.0505848 35.1574075)
258,1768296134,POINT (129.0547409 35.1575302)
259,1768296171,POINT (129.0498746 35.1572500)
260,1768296219,POINT (129.0585177 35.1575732)
261,1768296318,POINT (129.0508190 35.1574591)
262,1768303961,POINT (129.0547708 35.1419032)
263,1768323661,POINT (129.0533643 35.1577039)
264,1768323674,POINT (129.0506750 35.1569675)
265,1768323704,POINT (129.0504280 35.1581214)
266,1768323748,POINT (129.0514999 35.1575420)
267,1768323761,POINT (129.0509057 35.1570367)
268,1768323773,POINT (129.0515380 35.1576750)
269,1768323775,POINT (129.0537987 35.1575364)
270,1768323789,POINT (129.0457261 35.1562951)
271,1768323823,POINT (129.0501976 35.1574708)
272,1768323833,POINT (129.0464951 35.1561578)
273,1768323854,POINT (129.0505950 35.1584910)
274,1768441156,POINT (129.0638453 35.1577395)
275,1768441177,POINT (129.0656449 35.1577768)
276,1768441179,POINT (129.0665319 35.1472755)
277,1768441194,POINT (129.0658810 35.1577768)
278,1768441208,POINT (129.0652013 35.1581519)
279,1768441218,POINT (129.0652295 35.1573806)
280,1769242591,POINT (129.0488176 35.1612773)
281,1769242592,POINT (129.0469456 35.1612359)
282,1769242642,POINT (129.0486512 35.1609944)
283,1769242717,POINT (129.0486228 35.1602042)
284,1769242793,POINT (129.0492725 35.1610890)
285,1769242809,POINT (129.0475784 35.1616018)
286,1769251186,POINT (129.0538456 35.1514086)
287,1769251201,POINT (129.0508174 35.1543502)
288,1769251202,POINT (129.0547346 35.1519441)
289,1769251209,POINT (129.0482854 35.1550629)
290,1769251216,POINT (129.0505449 35.1535188)
291,1769251227,POINT (129.0516246 35.1549169)
292,1769251242,POINT (129.0499296 35.1546440)
293,1769251261,POINT (129.0512386 35.1539330)
294,1769251282,POINT (129.0546529 35.1511659)
295,1769251284,POINT (129.0511284 35.1540421)
296,1769251285,POINT (129.0501264 35.1532118)
297,1769251287,POINT (129.0513603 35.1540232)
298,1769251328,POINT (129.0545373 35.1517625)
299,1769251330,POINT (129.0511606 35.1542220)
300,1769251331,POINT (129.0551921 35.1501790)
301,1769251333,POINT (129.0547388 35.1517887)
302,1769251338,POINT (129.0510110 35.1541584)
303,1769254344,POINT (129.0516741 35.1522666)
304,1769254350,POINT (129.0516408 35.1518567)
305,1769254361,POINT (129.0510813 35.1524223)
306,1769254366,POINT (129.0508640 35.1536373)
307,1769254369,POINT (129.0524149 35.1527733)
308,1769254385,POINT (129.0520432 35.1525234)
309,1769254388,POINT (129.0514128 35.1520870)
310,1769254400,POINT (129.0513565 35.1531374)
311,1769266498,POINT (129.0554248 35.1544496)
312,1770395007,POINT (129.0646764 35.1497962)
313,1770395009,POINT (129.0655048 35.1491285)
314,1770395018,POINT (129.0643291 35.1499783)
315,1770395032,POINT (129.0650546 35.1495758)
316,1770395039,POINT (129.0665142 35.1497825)
317,1770395050,POINT (129.0658777 35.1492786)
318,1770395051,POINT (129.0659320 35.1490603)
319,1770395112,POINT (129.0653647 35.1492863)
320,1770395129,POINT (129.0646969 35.1492137)
321,1770395134,POINT (129.0655266 35.1499493)
322,1770395157,POINT (129.0656452 35.1497707)
323,1770395195,POINT (129.0629284 35.1495226)
324,1770395208,POINT (129.0662009 35.1494980)
325,1770395219,POINT (129.0648097 35.1491117)
326,1770395237,POINT (129.0647310 35.1500476)
327,1770395248,POINT (129.0643833 35.1500589)
328,1771079410,POINT (129.0657762 35.1671518)
329,1771079415,POINT (129.0691129 35.1681451)
330,1771079442,POINT (129.0635767 35.1719043)
331,1771081054,POINT (129.0605588 35.1657568)
332,1771081077,POINT (129.0627294 35.1666315)
333,1771272721,POINT (129.0666500 35.1652886)
334,1771272747,POINT (129.0664029 35.1657648)
335,1771272748,POINT (129.0658994 35.1643331)
336,1771272761,POINT (129.0656074 35.1639670)
337,1771272765,POINT (129.0662199 35.1655284)
338,1771272788,POINT (129.0660657 35.1642487)
339,1771272801,POINT (129.0673937 35.1662885)
340,1771272853,POINT (129.0660698 35.1632677)
341,1771272856,POINT (129.0672747 35.1647085)
342,1771272878,POINT (129.0676241 35.1632706)
343,1771272881,POINT (129.0669732 35.1664729)
344,1771278594,POINT (129.0671761 35.1612963)
345,1771278600,POINT (129.0661281 35.1580653)
346,1771278621,POINT (129.0628808 35.1623771)
347,1771278625,POINT (129.0661188 35.1585699)
348,1771278634,POINT (129.0654218 35.1613052)
349,1771278637,POINT (129.0675496 35.1624606)
350,1771278641,POINT (129.0632506 35.1628497)
351,1771278644,POINT (129.0676300 35.1635598)
352,1771278647,POINT (129.0668615 35.1603865)
353,1771278649,POINT (129.0679541 35.1598903)
354,1771278653,POINT (129.0660818 35.1612863)
355,1771278655,POINT (129.0637680 35.1625689)
356,1771278659,POINT (129.0646129 35.1635246)
357,1771278661,POINT (129.0632613 35.1612750)
358,1771278683,POINT (129.0654133 35.1621734)
359,1771278693,POINT (129.0660987 35.1606949)
360,1771278698,POINT (129.0671699 35.1602502)
361,1771278708,POINT (129.0660952 35.1601916)
362,1771278710,POINT (129.0681471 35.1634396)
363,1771280798,POINT (129.0679876 35.1614299)
364,1771280803,POINT (129.0684744 35.1596614)
365,1771280809,POINT (129.0680191 35.1590064)
366,1771280813,POINT (129.0704419 35.1608217)
367,1771280815,POINT (129.0689840 35.1601504)
368,1771280819,POINT (129.0683700 35.1615009)
369,1771280820,POINT (129.0687587 35.1600210)
370,1771280825,POINT (129.0689290 35.1632335)
371,1771280830,POINT (129.0688378 35.1615078)
372,1771280832,POINT (129.0687319 35.1632598)
373,1771290780,POINT (129.0629547 35.1593700)
374,1771290781,POINT (129.0638138 35.1597533)
375,1771290802,POINT (129.0647985 35.1588711)
376,1771290805,POINT (129.0623318 35.1593653)
377,1771290814,POINT (129.0638195 35.1593767)
378,1771290828,POINT (129.0665646 35.1594097)
379,1771290830,POINT (129.0629717 35.1582817)
380,1771290836,POINT (129.0682013 35.1582069)
381,1771290837,POINT (129.0654404 35.1593891)
382,1771290838,POINT (129.0672040 35.1590358)
383,1771290840,POINT (129.0638086 35.1600895)
384,1771290841,POINT (129.0672059 35.1585766)
385,1771290842,POINT (129.0648019 35.1585071)
386,1771290854,POINT (129.0671976 35.1594195)
387,1771290856,POINT (129.0647904 35.1597526)
388,1771290863,POINT (129.0675340 35.1594340)
389,1771290866,POINT (129.0661256 35.1582025)
390,1771290869,POINT (129.0664437 35.1590343)
391,1771290881,POINT (129.0629613 35.1590100)
392,1771290883,POINT (129.0661757 35.1582043)
393,1771290891,POINT (129.0648003 35.1586826)
394,1771290893,POINT (129.0638249 35.1590283)
395,1771290912,POINT (129.0661103 35.1590334)
396,1771290914,POINT (129.0662960 35.1585710)
397,1771290916,POINT (129.0647938 35.1593841)
398,1771290918,POINT (129.0647969 35.1590487)
399,1771290920,POINT (129.0638330 35.1584961)
400,1771290922,POINT (129.0672096 35.1582050)
401,1771290924,POINT (129.0629678 35.1586549)
402,1771290928,POINT (129.0681272 35.1585798)
403,1771290930,POINT (129.0638304 35.1586679)
404,1771290938,POINT (129.0661035 35.1594014)
405,1771290939,POINT (129.0638275 35.1588580)
406,1771290941,POINT (129.0629455 35.1600960)
407,1771302035,POINT (129.0619359 35.1640223)
408,1771302044,POINT (129.0629207 35.1636000)
409,1771302057,POINT (129.0624312 35.1642572)
410,1771302058,POINT (129.0617315 35.1627814)
411,1771302062,POINT (129.0625628 35.1631436)
412,1771302064,POINT (129.0633833 35.1642020)
413,1771311960,POINT (129.0599604 35.1624396)
414,1771311961,POINT (129.0581950 35.1604427)
415,1771311962,POINT (129.0525610 35.1609990)
416,1771311963,POINT (129.0530813 35.1599268)
417,1771311964,POINT (129.0546938 35.1599891)
418,1771311966,POINT (129.0530799 35.1591111)
419,1771311971,POINT (129.0595546 35.1615281)
420,1771311974,POINT (129.0593911 35.1625245)
421,1771311975,POINT (129.0599924 35.1631824)
422,1771311977,POINT (129.0591859 35.1620735)
423,1771311980,POINT (129.0583795 35.1624232)
424,1771311982,POINT (129.0593228 35.1605895)
425,1771311983,POINT (129.0595796 35.1622596)
426,1771311987,POINT (129.0597740 35.1627077)
427,1771311991,POINT (129.0595755 35.1629862)
428,1771311993,POINT (129.0589709 35.1615916)
429,1771311994,POINT (129.0524663 35.1612430)
430,1771311995,POINT (129.0591912 35.1628053)
431,1771311996,POINT (129.0533028 35.1582635)
432,1771311997,POINT (129.0588025 35.1626223)
433,1771311998,POINT (129.0585881 35.1621298)
434,1771312005,POINT (129.0570664 35.1602940)
435,1771312008,POINT (129.0589981 35.1623366)
436,1771312010,POINT (129.0534498 35.1577046)
437,1771312013,POINT (129.0531919 35.1586860)
438,1771312014,POINT (129.0529411 35.1596386)
439,1771312016,POINT (129.0608410 35.1598197)
440,1771312018,POINT (129.0557830 35.1601346)
441,1771312020,POINT (129.0597660 35.1619978)
442,1771314264,POINT (129.0585139 35.1613826)
443,1771314265,POINT (129.0591421 35.1613507)
444,1771314267,POINT (129.0581593 35.1608406)
445,1771314268,POINT (129.0570938 35.1612739)
446,1771314270,POINT (129.0575210 35.1607402)
447,1771314272,POINT (129.0586847 35.1611409)
448,1771314273,POINT (129.0599623 35.1617220)
449,1771314274,POINT (129.0581176 35.1612027)
450,1771314277,POINT (129.0589120 35.1590325)
451,1771314278,POINT (129.0584769 35.1595227)
452,1771314280,POINT (129.0580794 35.1615337)
453,1771314283,POINT (129.0587359 35.1597678)
454,1771314284,POINT (129.0567775 35.1616691)
455,1771314287,POINT (129.0593642 35.1610385)
456,1771314293,POINT (129.0601775 35.1601542)
457,1771314295,POINT (129.0588219 35.1609464)
458,1771314299,POINT (129.0593614 35.1618139)
459,1771314300,POINT (129.0578052 35.1603901)
460,1771314303,POINT (129.0562943 35.1622462)
461,1771314304,POINT (129.0590396 35.1601930)
462,1771314307,POINT (129.0584461 35.1594936)
463,1771314308,POINT (129.0595377 35.1593456)
464,1771314309,POINT (129.0587728 35.1618602)
465,1771314310,POINT (129.0583183 35.1587346)
466,1771314313,POINT (129.0580277 35.1590967)
467,1771314315,POINT (129.0580389 35.1618854)
468,1771316453,POINT (129.0541575 35.1582637)
469,1771316455,POINT (129.0541456 35.1591190)
470,1771316457,POINT (129.0541338 35.1602864)
471,1771316462,POINT (129.0616656 35.1593663)
472,1771316464,POINT (129.0541633 35.1577100)
473,1771316465,POINT (129.0537894 35.1608916)
474,1771316466,POINT (129.0614563 35.1594787)
475,1771316469,POINT (129.0541327 35.1604508)
476,1771316470,POINT (129.0541363 35.1599230)
477,1771316472,POINT (129.0542364 35.1612678)
478,1771316473,POINT (129.0529686 35.1595258)
479,1771316475,POINT (129.0541393 35.1595312)
480,1771316479,POINT (129.0541515 35.1586823)
481,1771316480,POINT (129.0546482 35.1614141)
482,1771316481,POINT (129.0547166 35.1586801)
483,1771316483,POINT (129.0528148 35.1586875)
484,1771316487,POINT (129.0550603 35.1608395)
485,1771316488,POINT (129.0532508 35.1602755)
486,1771316489,POINT (129.0552622 35.1586819)
487,1771317856,POINT (129.0552630 35.1577100)
488,1771317858,POINT (129.0541637 35.1575343)
489,1771317859,POINT (129.0565639 35.1577162)
490,1771317861,POINT (129.0541758 35.1567653)
491,1771317862,POINT (129.0541901 35.1558640)
492,1771317863,POINT (129.0552625 35.1582768)
493,1771317864,POINT (129.0535027 35.1575181)
494,1771317865,POINT (129.0534586 35.1567529)
495,1771317866,POINT (129.0565454 35.1586861)
496,1771317868,POINT (129.0552618 35.1591308)
497,1771317871,POINT (129.0547086 35.1591365)
498,1771317874,POINT (129.0539785 35.1558577)
499,1771317875,POINT (129.0547538 35.1567620)
500,1771317876,POINT (129.0537199 35.1567603)
501,1771317877,POINT (129.0578061 35.1582694)
502,1771317878,POINT (129.0565505 35.1582767)
503,1771317879,POINT (129.0598626 35.1597562)
504,1771321068,POINT (129.0709810 35.1581393)
505,1771321072,POINT (129.0706938 35.1603422)
506,1771407343,POINT (129.0549165 35.1526020)
507,1771407345,POINT (129.0544112 35.1540547)
508,1771407347,POINT (129.0559046 35.1536677)
509,1771407366,POINT (129.0520823 35.1560268)
510,1771407370,POINT (129.0549744 35.1520233)
511,1771407372,POINT (129.0532410 35.1561277)
512,1771407375,POINT (129.0518742 35.1561834)
513,1771417515,POINT (129.0684177 35.1522532)
514,1771417519,POINT (129.0672484 35.1535131)
515,1771417528,POINT (129.0654877 35.1535121)
516,1771417530,POINT (129.0661664 35.1527045)
517,1771417532,POINT (129.0672583 35.1527146)
518,1771417534,POINT (129.0672641 35.1522454)
519,1771417536,POINT (129.0661555 35.1540287)
520,1771417562,POINT (129.0667724 35.1509500)
521,1771417565,POINT (129.0661633 35.1530864)
522,1771417568,POINT (129.0655181 35.1503227)
523,1771417571,POINT (129.0684017 35.1535139)
524,1771417578,POINT (129.0661598 35.1535125)
525,1771417579,POINT (129.0667621 35.1518001)
526,1771417580,POINT (129.0667445 35.1522420)
527,1771417583,POINT (129.0654918 35.1530857)
528,1771417587,POINT (129.0655121 35.1509576)
529,1771417607,POINT (129.0683950 35.1540387)
530,1771417611,POINT (129.0668742 35.1499108)
531,1771417613,POINT (129.0672537 35.1530875)
532,1771417617,POINT (129.0661703 35.1522381)
533,1771417630,POINT (129.0661809 35.1509525)
534,1771417633,POINT (129.0716490 35.1539321)
535,1771417634,POINT (129.0672419 35.1540335)
536,1771417637,POINT (129.0684117 35.1527252)
537,1771420614,POINT (129.0689218 35.1501400)
538,1771420623,POINT (129.0694550 35.1501341)
539,1771420624,POINT (129.0694602 35.1504860)
540,1771424343,POINT (129.0515164 35.1648514)
541,1771424346,POINT (129.0508255 35.1674733)
542,1771424350,POINT (129.0504316 35.1654297)
543,1771424355,POINT (129.0529329 35.1656023)
544,1771424357,POINT (129.0502782 35.1639102)
545,1771424360,POINT (129.0510950 35.1664525)
546,1771424362,POINT (129.0503754 35.1646443)
547,1771424367,POINT (129.0528933 35.1643561)
548,1771424368,POINT (129.0504864 35.1663463)
549,1771424369,POINT (129.0522812 35.1649902)
550,1771424378,POINT (129.0513221 35.1655898)
551,1771424379,POINT (129.0525065 35.1642693)
552,1771431764,POINT (129.0574178 35.1652030)
553,1771431780,POINT (129.0564310 35.1636510)
554,1771431786,POINT (129.0574344 35.1637376)
555,1771431816,POINT (129.0574880 35.1649656)
556,1771431817,POINT (129.0563586 35.1637853)
557,1771431826,POINT (129.0562635 35.1628612)
558,1771431833,POINT (129.0567183 35.1632312)
559,1771566504,POINT (129.0663222 35.1495265)
560,1771566509,POINT (129.0684706 35.1500887)
561,1771566511,POINT (129.0679877 35.1428061)
562,1771566517,POINT (129.0674740 35.1480164)
563,1771566519,POINT (129.0679259 35.1497777)
564,1771566535,POINT (129.0674922 35.1449714)
565,1771566548,POINT (129.0668597 35.1488170)
566,1771566556,POINT (129.0665054 35.1492755)
567,1771566557,POINT (129.0687909 35.1487206)
568,1771566567,POINT (129.0684684 35.1499620)
569,1771566574,POINT (129.0682448 35.1449637)
570,1771566588,POINT (129.0663301 35.1485506)
571,1771566594,POINT (129.0674752 35.1491242)
572,1771566595,POINT (129.0682760 35.1487759)
573,1771566596,POINT (129.0673967 35.1496009)
574,1771569319,POINT (129.0555542 35.1553985)
575,1771569324,POINT (129.0567398 35.1537625)
576,1771569325,POINT (129.0578136 35.1541222)
577,1771569326,POINT (129.0569704 35.1544716)
578,1771569329,POINT (129.0560581 35.1544618)
579,1771569330,POINT (129.0568560 35.1541071)
580,1771569331,POINT (129.0578187 35.1537779)
581,1771569333,POINT (129.0571635 35.1549774)
582,1771569336,POINT (129.0555396 35.1558822)
583,1771569337,POINT (129.0572413 35.1554029)
584,1771569362,POINT (129.0557746 35.1549610)
585,1771573477,POINT (129.0576463 35.1459507)
586,1771573479,POINT (129.0580322 35.1502753)
587,1771573494,POINT (129.0575792 35.1493370)
588,1771573495,POINT (129.0591544 35.1493701)
589,1771573498,POINT (129.0599691 35.1493726)
590,1771573502,POINT (129.0580425 35.1493452)
591,1771573504,POINT (129.0593817 35.1493692)
592,1771573506,POINT (129.0610006 35.1493699)
593,1771573509,POINT (129.0599703 35.1501520)
594,1771573511,POINT (129.0580768 35.1462468)
595,1771573518,POINT (129.0584242 35.1482028)
596,1771573519,POINT (129.0616030 35.1481043)
597,1774443306,POINT (129.0696331 35.1496614)
598,1774443311,POINT (129.0699389 35.1495781)
599,1781756392,POINT (129.0485452 35.1530922)
600,1781756443,POINT (129.0490976 35.1519749)
601,1781756522,POINT (129.0486684 35.1540586)
602,1781756565,POINT (129.0482331 35.1528157)
603,1781756607,POINT (129.0480520 35.1526286)
604,1781756610,POINT (129.0472497 35.1522139)
605,1781760303,POINT (129.0523428 35.1500135)
606,1781760305,POINT (129.0511283 35.1512830)
607,1781760311,POINT (129.0500851 35.1500101)
608,1781760322,POINT (129.0502701 35.1492303)
609,1781760351,POINT (129.0503371 35.1501328)
610,1781760366,POINT (129.0534299 35.1488768)
611,1781760429,POINT (129.0526922 35.1484091)
612,1781760438,POINT (129.0510937 35.1498237)
613,1781760454,POINT (129.0498917 35.1495260)
614,1781760467,POINT (129.0519385 35.1497777)
615,2299470489,POINT (129.0579976 35.1622434)
616,2515612350,POINT (129.0566496 35.1554013)
617,2515612402,POINT (129.0566549 35.1558839)
618,2515612433,POINT (129.0568130 35.1560356)
619,2515612449,POINT (129.0567710 35.1561726)
620,2516171155,POINT (129.0578716 35.1553511)
621,2516171183,POINT (129.0572373 35.1568274)
622,2516171184,POINT (129.0577036 35.1568332)
623,2516171185,POINT (129.0577734 35.1568341)
624,2517006723,POINT (129.0604342 35.1478076)
625,2517006779,POINT (129.0593725 35.1501795)
626,2517006780,POINT (129.0606204 35.1503177)
627,2517006781,POINT (129.0593760 35.1503358)
628,2517006790,POINT (129.0593837 35.1507284)
629,2517919714,POINT (129.0615614 35.1481916)
630,2517919742,POINT (129.0623155 35.1484785)
631,2517919809,POINT (129.0630914 35.1489156)
632,2517919825,POINT (129.0633563 35.1489656)
633,2517919885,POINT (129.0629916 35.1495421)
634,2517919890,POINT (129.0618777 35.1493648)
635,2517919968,POINT (129.0662298 35.1497295)
636,2517920014,POINT (129.0624487 35.1502312)
637,2517920018,POINT (129.0662180 35.1503043)
638,2853120193,POINT (129.0503988 35.1594097)
639,2853120194,POINT (129.0501466 35.1593831)
640,2860414373,POINT (129.0500139 35.1600545)
641,2898461579,POINT (129.0511883 35.1541944)
642,2898461580,POINT (129.0593282 35.1507212)
643,2898461582,POINT (129.0652864 35.1545213)
644,2913774867,POINT (129.0571768 35.1574318)
645,2913774868,POINT (129.0572019 35.1565723)
646,2913774869,POINT (129.0577644 35.1574350)
647,2913774870,POINT (129.0577774 35.1565607)
648,2913774871,POINT (129.0577742 35.1567743)
649,2913774873,POINT (129.0572205 35.1559383)
650,2913774876,POINT (129.0583917 35.1545177)
651,2913774877,POINT (129.0583921 35.1544711)
652,2913774878,POINT (129.0579029 35.1534240)
653,3803524444,POINT (129.0592963 35.1534274)
654,3946486157,POINT (129.0629674 35.1539905)
655,3946486158,POINT (129.0638740 35.1540075)
656,3946486159,POINT (129.0648287 35.1540075)
657,3946486162,POINT (129.0608250 35.1549288)
658,3946486163,POINT (129.0598979 35.1549337)
659,3946486164,POINT (129.0617259 35.1549377)
660,3946486165,POINT (129.0630224 35.1549437)
661,3946486166,POINT (129.0648237 35.1549442)
662,3946486167,POINT (129.0638636 35.1549539)
663,3946486168,POINT (129.0598912 35.1553545)
664,3946486171,POINT (129.0630226 35.1553744)
665,3946486184,POINT (129.0638548 35.1557609)
666,3946486185,POINT (129.0648193 35.1557634)
667,3946486186,POINT (129.0654663 35.1557702)
668,3946486187,POINT (129.0661411 35.1557716)
669,3946486197,POINT (129.0638509 35.1561169)
670,3946486198,POINT (129.0648174 35.1561267)
671,3946486214,POINT (129.0683113 35.1571685)
672,3946486215,POINT (129.0696658 35.1571355)
673,3946486220,POINT (129.0697428 35.1574949)
674,3946486222,POINT (129.0697651 35.1576384)
675,3946486226,POINT (129.0709525 35.1580041)
676,3946486227,POINT (129.0616571 35.1582708)
677,3946486228,POINT (129.0638362 35.1582885)
678,3946501707,POINT (129.0676177 35.1638495)
679,3946501723,POINT (129.0693308 35.1647358)
680,3946501727,POINT (129.0644649 35.1651036)
681,3946654793,POINT (129.0536170 35.1638970)
682,3946654796,POINT (129.0541019 35.1641647)
683,3946654800,POINT (129.0557136 35.1647768)
684,3946654812,POINT (129.0599845 35.1664778)
685,3946654813,POINT (129.0598659 35.1666409)
686,3946654824,POINT (129.0627845 35.1678825)
687,3946710956,POINT (129.0688965 35.1635916)
688,3946719812,POINT (129.0526149 35.1607675)
689,3946742738,POINT (129.0555901 35.1541771)
690,3946742741,POINT (129.0558967 35.1544601)
691,3946834239,POINT (129.0591580 35.1488519)
692,3946834240,POINT (129.0584247 35.1488480)
693,3946834241,POINT (129.0580480 35.1488482)
694,3946834247,POINT (129.0581752 35.1589129)
695,3946834248,POINT (129.0540244 35.1605899)
696,3946834249,POINT (129.0545929 35.1607643)
697,4063681847,POINT (129.0634737 35.1486752)
698,4064119838,POINT (129.0653137 35.1522320)
699,4147833639,POINT (129.0599051 35.1544810)
700,4154353770,POINT (129.0638685 35.1545107)
701,4319172286,POINT (129.0545795 35.1648129)
702,4319172287,POINT (129.0523180 35.1694876)
703,4319177656,POINT (129.0548726 35.1653393)
704,4319177659,POINT (129.0551682 35.1664070)
705,4319177660,POINT (129.0549453 35.1666620)
706,4319177665,POINT (129.0538959 35.1669936)
707,4319188608,POINT (129.0547783 35.1680864)
708,4319188636,POINT (129.0562776 35.1666838)
709,4319188637,POINT (129.0563409 35.1663733)
710,4319188640,POINT (129.0563372 35.1659514)
711,4319188655,POINT (129.0586432 35.1685018)
712,4472758236,POINT (129.0570134 35.1656191)
713,4472758237,POINT (129.0575609 35.1657484)
714,4472758238,POINT (129.0577460 35.1660949)
715,4472758239,POINT (129.0555945 35.1662374)
716,4472758243,POINT (129.0580437 35.1665268)
717,4637481105,POINT (129.0684860 35.1695583)
718,4643202374,POINT (129.0545902 35.1666149)
719,4643202375,POINT (129.0571156 35.1669502)
720,4643202377,POINT (129.0571595 35.1665750)
721,4643202379,POINT (129.0568506 35.1663158)
722,4643202383,POINT (129.0582979 35.1664155)
723,4643202387,POINT (129.0590814 35.1668487)
724,4643202392,POINT (129.0569302 35.1656600)
725,4643202398,POINT (129.0561783 35.1657571)
726,4643202399,POINT (129.0530651 35.1691932)
727,4643202417,POINT (129.0551099 35.1687124)
728,4643202436,POINT (129.0596459 35.1666612)
729,4643202438,POINT (129.0583383 35.1668907)
730,4643202443,POINT (129.0561192 35.1675237)
731,4643202466,POINT (129.0570157 35.1653470)
732,4643202470,POINT (129.0576935 35.1655915)
733,4643357006,POINT (129.0654754 35.1645477)
734,4655075545,POINT (129.0557720 35.1634182)
735,4655135726,POINT (129.0697245 35.1658532)
736,4655135738,POINT (129.0734084 35.1660227)
737,4655135936,POINT (129.0652788 35.1641481)
738,4655135965,POINT (129.0653693 35.1639325)
739,4662037101,POINT (129.0568370 35.1532352)
740,4662037103,POINT (129.0578288 35.1532384)
741,4670287294,POINT (129.0546017 35.1675393)
742,4670287304,POINT (129.0569881 35.1655548)
743,4670287366,POINT (129.0599224 35.1667956)
744,4670287368,POINT (129.0609877 35.1674595)
745,4670287372,POINT (129.0575601 35.1661608)
746,4670287378,POINT (129.0578474 35.1665878)
747,4678161311,POINT (129.0610055 35.1612006)
748,4678161312,POINT (129.0616638 35.1608587)
749,4678161313,POINT (129.0613294 35.1633774)
750,4678161315,POINT (129.0595678 35.1609326)
751,4678161317,POINT (129.0598501 35.1613277)
752,4691430962,POINT (129.0600995 35.1616769)
753,4696280238,POINT (129.0609391 35.1628357)
754,4698255268,POINT (129.0605727 35.1623300)
755,4721807007,POINT (129.0609560 35.1654657)
756,4721807010,POINT (129.0599255 35.1650686)
757,4876141518,POINT (129.0600383 35.1570478)
758,4876141520,POINT (129.0597144 35.1572479)
759,4876142921,POINT (129.0602288 35.1572715)
760,4876880572,POINT (129.0619860 35.1572243)
761,4877424322,POINT (129.0608197 35.1553560)
762,4877424323,POINT (129.0612260 35.1573675)
763,4877424324,POINT (129.0612286 35.1572233)
764,4877424325,POINT (129.0619839 35.1573996)
765,4877424326,POINT (129.0618740 35.1574003)
766,4877424345,POINT (129.0605730 35.1571070)
767,4877424347,POINT (129.0607869 35.1570163)
768,4877424393,POINT (129.0604956 35.1570321)
769,4877424394,POINT (129.0607657 35.1568311)
770,4877484450,POINT (129.0599508 35.1565019)
771,4877484454,POINT (129.0604297 35.1559064)
772,4877484458,POINT (129.0607211 35.1553559)
773,4877484459,POINT (129.0600494 35.1565983)
774,4877484460,POINT (129.0602272 35.1564404)
775,4877484461,POINT (129.0606873 35.1564983)
776,4903092881,POINT (129.0623574 35.1562903)
777,4903092882,POINT (129.0615025 35.1562918)
778,4903092883,POINT (129.0615045 35.1559259)
779,4903092884,POINT (129.0608508 35.1559301)
780,4903092885,POINT (129.0625957 35.1522085)
781,4903092886,POINT (129.0626291 35.1508129)
782,4903771264,POINT (129.0671473 35.1646580)
783,4903771265,POINT (129.0671629 35.1632714)
784,4903771298,POINT (129.0690675 35.1622707)
785,4903771299,POINT (129.0684208 35.1623929)
786,4903771300,POINT (129.0675687 35.1625810)
787,4903828883,POINT (129.0687359 35.1599922)
788,4903828886,POINT (129.0698559 35.1595531)
789,4903828887,POINT (129.0692975 35.1597454)
790,4903828891,POINT (129.0707789 35.1600625)
791,4912439898,POINT (129.0554069 35.1501761)
792,4912439900,POINT (129.0561175 35.1508399)
793,4912439901,POINT (129.0610897 35.1569453)
794,4912439903,POINT (129.0619365 35.1568629)
795,4912439904,POINT (129.0577874 35.1558857)
796,4912439905,POINT (129.0564372 35.1527808)
797,4912439906,POINT (129.0568704 35.1529449)
798,4912439912,POINT (129.0584655 35.1493523)
799,4912439913,POINT (129.0584608 35.1497653)
800,4912691574,POINT (129.0534607 35.1488447)
801,4912691575,POINT (129.0539032 35.1490857)
802,4912691585,POINT (129.0570240 35.1478086)
803,4912691591,POINT (129.0565573 35.1489315)
804,4915775570,POINT (129.0570284 35.1507027)
805,4915775571,POINT (129.0566245 35.1513516)
806,4915775573,POINT (129.0569947 35.1518580)
807,4915775574,POINT (129.0554719 35.1532794)
808,4915775575,POINT (129.0555597 35.1531797)
809,4915775584,POINT (129.0566548 35.1514312)
810,4915775587,POINT (129.0620339 35.1648926)
811,4915775589,POINT (129.0609885 35.1642718)
812,4915775590,POINT (129.0579954 35.1622723)
813,4915775598,POINT (129.0557601 35.1619986)
814,4915775599,POINT (129.0558146 35.1612095)
815,4915775600,POINT (129.0561827 35.1607513)
816,4915775601,POINT (129.0562132 35.1606532)
817,4915775603,POINT (129.0562941 35.1601966)
818,4915775604,POINT (129.0576046 35.1603630)
819,4915775606,POINT (129.0583036 35.1593588)
820,4915775607,POINT (129.0566642 35.1592231)
821,4915775608,POINT (129.0570769 35.1596223)
822,4915775609,POINT (129.0574419 35.1598262)
823,4915775610,POINT (129.0567990 35.1599048)
824,4915775611,POINT (129.0567304 35.1602495)
825,4915775613,POINT (129.0607347 35.1608584)
826,4915776943,POINT (129.0501622 35.1663128)
827,4915776958,POINT (129.0487069 35.1654395)
828,4915776972,POINT (129.0559085 35.1525806)
829,4915805002,POINT (129.0521073 35.1552801)
830,4915805009,POINT (129.0535387 35.1533461)
831,4926020045,POINT (129.0534465 35.1558419)
832,4926020046,POINT (129.0544714 35.1550607)
833,4926020047,POINT (129.0549540 35.1553048)
834,4926020048,POINT (129.0510963 35.1562031)
835,4926040412,POINT (129.0604352 35.1604799)
836,4926040413,POINT (129.0603069 35.1619613)
837,4926040414,POINT (129.0601472 35.1621773)
838,4926040415,POINT (129.0552624 35.1584741)
839,4926040416,POINT (129.0565479 35.1584884)
840,4926040417,POINT (129.0552619 35.1590001)
841,4926040418,POINT (129.0555402 35.1590001)
842,4926040419,POINT (129.0535836 35.1602797)
843,4926040420,POINT (129.0537990 35.1606007)
844,4926040624,POINT (129.0564504 35.1605398)
845,4926040626,POINT (129.0565806 35.1602313)
846,4926052240,POINT (129.0555246 35.1633125)
847,4926052242,POINT (129.0596841 35.1656126)
848,4926052243,POINT (129.0597425 35.1654124)
849,4926052244,POINT (129.0591139 35.1654699)
850,4926052246,POINT (129.0591784 35.1652301)
851,4927903711,POINT (129.0614521 35.1516991)
852,4927903712,POINT (129.0571867 35.1515342)
853,4927903714,POINT (129.0574614 35.1517378)
854,4927903715,POINT (129.0569404 35.1508441)
855,4927903716,POINT (129.0570556 35.1508818)
856,4927903717,POINT (129.0567927 35.1510813)
857,4927903718,POINT (129.0569873 35.1511548)
858,4927904276,POINT (129.0568932 35.1527469)
859,4927904278,POINT (129.0571888 35.1527706)
860,4927904279,POINT (129.0572800 35.1525864)
861,4927904281,POINT (129.0573497 35.1525425)
862,4927904282,POINT (129.0574195 35.1525447)
863,4927904284,POINT (129.0565412 35.1544670)
864,4927904288,POINT (129.0562189 35.1540263)
865,4927906098,POINT (129.0571389 35.1549097)
866,4927906101,POINT (129.0574442 35.1548543)
867,4927906102,POINT (129.0574366 35.1546745)
868,4927906103,POINT (129.0574410 35.1544766)
869,4927906104,POINT (129.0566855 35.1551552)
870,4927906105,POINT (129.0566781 35.1549717)
871,4927906106,POINT (129.0570458 35.1558845)
872,4927906109,POINT (129.0570041 35.1556204)
873,4927906110,POINT (129.0563175 35.1558834)
874,4927906111,POINT (129.0563177 35.1554005)
875,4927906112,POINT (129.0558624 35.1558827)
876,4927906113,POINT (129.0558738 35.1556219)
877,4927906114,POINT (129.0560672 35.1558830)
878,4927906115,POINT (129.0560672 35.1556452)
879,4927906118,POINT (129.0552593 35.1554203)
880,4927913552,POINT (129.0548869 35.1554455)
881,4927913553,POINT (129.0551853 35.1555382)
882,4927913555,POINT (129.0552498 35.1556126)
883,4927913556,POINT (129.0552289 35.1555134)
884,4927913557,POINT (129.0547905 35.1557217)
885,4927913559,POINT (129.0545973 35.1556142)
886,4927913560,POINT (129.0545727 35.1553986)
887,4927913561,POINT (129.0544608 35.1555490)
888,4927913563,POINT (129.0544817 35.1554095)
889,4927913564,POINT (129.0543075 35.1553275)
890,4927923903,POINT (129.0522484 35.1562131)
891,4927924934,POINT (129.0532091 35.1562889)
892,4927931787,POINT (129.0510060 35.1554244)
893,4927931789,POINT (129.0504954 35.1553970)
894,4927931798,POINT (129.0500889 35.1559295)
895,4927931800,POINT (129.0502084 35.1557438)
896,4927931803,POINT (129.0505624 35.1555274)
897,4927931805,POINT (129.0506645 35.1556760)
898,4927931808,POINT (129.0509548 35.1559654)
899,4927931809,POINT (129.0503320 35.1562055)
900,4927931815,POINT (129.0505337 35.1558872)
901,4927931816,POINT (129.0506410 35.1561118)
902,4927931817,POINT (129.0505560 35.1560567)
903,4927931818,POINT (129.0503487 35.1557986)
904,4927931819,POINT (129.0503174 35.1556249)
905,4927932421,POINT (129.0503997 35.1557151)
906,4927932422,POINT (129.0505656 35.1558064)
907,4927932425,POINT (129.0508944 35.1554400)
908,4927932426,POINT (129.0506804 35.1555195)
909,4927932505,POINT (129.0575794 35.1564777)
910,4927934622,POINT (129.0556927 35.1540079)
911,4927934623,POINT (129.0559303 35.1540926)
912,4927935003,POINT (129.0573245 35.1591721)
913,4927935005,POINT (129.0566749 35.1596183)
914,4927935007,POINT (129.0568459 35.1593979)
915,4927935008,POINT (129.0569005 35.1590604)
916,4927935011,POINT (129.0571576 35.1593163)
917,4927938953,POINT (129.0560331 35.1589687)
918,4927938955,POINT (129.0564161 35.1586857)
919,4927938956,POINT (129.0559725 35.1591956)
920,4927938958,POINT (129.0564498 35.1593928)
921,4927938959,POINT (129.0555186 35.1591421)
922,4927938961,POINT (129.0559119 35.1594773)
923,4927938962,POINT (129.0561518 35.1596286)
924,4927938963,POINT (129.0560488 35.1597700)
925,4927938966,POINT (129.0552933 35.1597059)
926,4927938967,POINT (129.0554940 35.1599124)
927,4927938968,POINT (129.0558943 35.1599819)
928,4927938971,POINT (129.0552553 35.1603887)
929,4927938972,POINT (129.0550166 35.1602484)
930,4927938973,POINT (129.0550416 35.1600356)
931,4927938975,POINT (129.0559232 35.1608536)
932,4927942688,POINT (129.0562826 35.1619456)
933,4927942690,POINT (129.0565617 35.1619315)
934,4927942691,POINT (129.0573608 35.1622984)
935,4927942692,POINT (129.0575601 35.1620374)
936,4927942693,POINT (129.0571893 35.1621951)
937,4927942694,POINT (129.0573777 35.1619516)
938,4927942695,POINT (129.0567006 35.1623798)
939,4927942696,POINT (129.0568458 35.1621395)
940,4927942697,POINT (129.0569670 35.1621734)
941,4927942698,POINT (129.0566991 35.1621760)
942,4927942699,POINT (129.0567978 35.1622189)
943,4927942700,POINT (129.0567693 35.1621369)
944,4927942701,POINT (129.0568301 35.1621682)
945,4927942702,POINT (129.0569131 35.1620211)
946,4927942703,POINT (129.0571379 35.1618387)
947,4927942704,POINT (129.0573871 35.1615014)
948,4927942707,POINT (129.0569495 35.1611142)
949,4927942708,POINT (129.0565744 35.1609068)
950,4927942709,POINT (129.0568052 35.1609666)
951,4927958963,POINT (129.0583263 35.1616490)
952,4927965746,POINT (129.0587152 35.1607460)
953,4927965747,POINT (129.0587762 35.1605212)
954,4927965748,POINT (129.0589781 35.1607197)
955,4927965749,POINT (129.0590208 35.1605542)
956,4927965750,POINT (129.0590693 35.1608491)
957,4927965753,POINT (129.0594894 35.1608227)
958,4927965754,POINT (129.0600966 35.1630293)
959,4927965755,POINT (129.0604211 35.1631720)
960,4927965756,POINT (129.0605391 35.1629988)
961,4927965758,POINT (129.0604345 35.1629045)
962,4927965760,POINT (129.0602572 35.1627935)
963,4927965761,POINT (129.0606625 35.1628190)
964,4927965764,POINT (129.0603687 35.1626296)
965,4927966649,POINT (129.0601502 35.1626019)
966,4927966650,POINT (129.0603295 35.1626873)
967,4927966651,POINT (129.0609763 35.1624857)
968,4927966652,POINT (129.0611051 35.1623936)
969,4927966653,POINT (129.0612803 35.1623568)
970,4927966654,POINT (129.0608851 35.1622686)
971,4927966655,POINT (129.0606637 35.1621235)
972,4927966656,POINT (129.0609587 35.1613221)
973,4927966658,POINT (129.0611212 35.1614222)
974,4927966660,POINT (129.0609146 35.1622050)
975,4927966661,POINT (129.0607263 35.1619534)
976,4927966662,POINT (129.0610005 35.1620362)
977,4927966664,POINT (129.0611185 35.1621392)
978,4927966665,POINT (129.0610890 35.1619419)
979,4929732286,POINT (129.0643203 35.1505127)
980,4929732287,POINT (129.0653298 35.1508961)
981,4929732288,POINT (129.0626049 35.1516971)
982,4929732291,POINT (129.0631440 35.1515714)
983,4929732292,POINT (129.0626123 35.1512851)
984,4929732294,POINT (129.0631160 35.1513996)
985,4929732295,POINT (129.0631114 35.1520449)
986,4929732296,POINT (129.0631627 35.1519342)
987,4929732297,POINT (129.0631814 35.1518273)
988,4929732303,POINT (129.0636362 35.1512642)
989,4929732304,POINT (129.0632841 35.1519342)
990,4929732307,POINT (129.0616878 35.1534564)
991,4929732308,POINT (129.0616894 35.1530990)
992,4929732309,POINT (129.0619316 35.1534593)
993,4929732310,POINT (129.0619354 35.1530926)
994,4929732311,POINT (129.0619625 35.1529766)
995,4929732313,POINT (129.0608398 35.1537269)
996,4929732314,POINT (129.0614179 35.1537326)
997,4929732319,POINT (129.0642508 35.1552179)
998,4929732320,POINT (129.0642506 35.1549500)
999,4929733021,POINT (129.0645264 35.1552255)
1000,4929733022,POINT (129.0645307 35.1549472)
1001,4929733023,POINT (129.0641842 35.1572355)
1002,4929733024,POINT (129.0641904 35.1565249)
1003,4929733025,POINT (129.0644096 35.1572380)
1004,4929733026,POINT (129.0644188 35.1565274)
1005,4929733027,POINT (129.0643069 35.1559891)
1006,4929733028,POINT (129.0643349 35.1557621)
1007,4929733029,POINT (129.0644890 35.1556302)
1008,4929733030,POINT (129.0644892 35.1553867)
1009,4929733034,POINT (129.0620815 35.1574012)
1010,4929733035,POINT (129.0618536 35.1574485)
1011,4929733036,POINT (129.0618552 35.1574007)
1012,4929733037,POINT (129.0618191 35.1574007)
1013,4929733041,POINT (129.0606587 35.1560591)
1014,4929733056,POINT (129.0623589 35.1569877)
1015,4929733058,POINT (129.0613630 35.1570103)
1016,4929733060,POINT (129.0614045 35.1568741)
1017,4929733061,POINT (129.0614066 35.1566337)
1018,4929733062,POINT (129.0616847 35.1570793)
1019,4929733063,POINT (129.0616898 35.1568673)
1020,4929733064,POINT (129.0616943 35.1566217)
1021,4929733070,POINT (129.0608505 35.1563146)
1022,4929736454,POINT (129.0606615 35.1585023)
1023,4929736455,POINT (129.0609538 35.1585041)
1024,4929736456,POINT (129.0611448 35.1586074)
1025,4929736459,POINT (129.0612312 35.1582670)
1026,4929736460,POINT (129.0610286 35.1589532)
1027,4929736461,POINT (129.0612003 35.1588643)
1028,4929736462,POINT (129.0614067 35.1585772)
1029,4929736464,POINT (129.0616588 35.1585040)
1030,4929736465,POINT (129.0619243 35.1587762)
1031,4929736466,POINT (129.0616608 35.1587585)
1032,4929736467,POINT (129.0618843 35.1586830)
1033,4929736468,POINT (129.0616601 35.1586729)
1034,4929736469,POINT (129.0619243 35.1593659)
1035,4929736470,POINT (129.0619274 35.1591263)
1036,4929736471,POINT (129.0619551 35.1590331)
1037,4929736473,POINT (129.0623358 35.1589555)
1038,4929736474,POINT (129.0617170 35.1597989)
1039,4929736475,POINT (129.0618442 35.1597334)
1040,4929736476,POINT (129.0618904 35.1596553)
1041,4929736477,POINT (129.0619767 35.1597233)
1042,4929736478,POINT (129.0583942 35.1539967)
1043,4929736481,POINT (129.0587280 35.1540198)
1044,4929736482,POINT (129.0580565 35.1539511)
1045,4929736483,POINT (129.0578162 35.1539486)
1046,4929736484,POINT (129.0564215 35.1522917)
1047,4929736487,POINT (129.0567429 35.1522761)
1048,4929736488,POINT (129.0565583 35.1521381)
1049,4929736491,POINT (129.0561782 35.1520807)
1050,4929736492,POINT (129.0564343 35.1520947)
1051,4929736493,POINT (129.0565207 35.1519408)
1052,4929746131,POINT (129.0557348 35.1532719)
1053,4929746135,POINT (129.0553593 35.1525197)
1054,4929746140,POINT (129.0559950 35.1517039)
1055,4929746141,POINT (129.0559463 35.1513959)
1056,4929746149,POINT (129.0555656 35.1521792)
1057,4929746152,POINT (129.0556772 35.1522645)
1058,4929746153,POINT (129.0554091 35.1522465)
1059,4929746156,POINT (129.0555087 35.1521900)
1060,4929746159,POINT (129.0555551 35.1519829)
1061,4929746160,POINT (129.0551830 35.1530021)
1062,4929746161,POINT (129.0553194 35.1528042)
1063,4929746162,POINT (129.0550307 35.1528124)
1064,4929746163,POINT (129.0552039 35.1527160)
1065,4929746164,POINT (129.0550421 35.1530825)
1066,4929746167,POINT (129.0551060 35.1529156)
1067,4929746169,POINT (129.0546012 35.1533582)
1068,4929746172,POINT (129.0549503 35.1533246)
1069,4929746173,POINT (129.0549632 35.1542507)
1070,4929746174,POINT (129.0555250 35.1533238)
1071,4929746175,POINT (129.0541637 35.1555614)
1072,4929746177,POINT (129.0542368 35.1556345)
1073,4929746178,POINT (129.0541702 35.1571235)
1074,4929746180,POINT (129.0543582 35.1571445)
1075,4929746182,POINT (129.0529901 35.1574925)
1076,4929746190,POINT (129.0539417 35.1559863)
1077,4929746191,POINT (129.0532584 35.1568105)
1078,4929746193,POINT (129.0522813 35.1552201)
1079,4929746196,POINT (129.0520065 35.1550204)
1080,4929746197,POINT (129.0525390 35.1550945)
1081,4929746198,POINT (129.0522359 35.1548691)
1082,4929746199,POINT (129.0521849 35.1548275)
1083,4929746200,POINT (129.0521702 35.1548812)
1084,4929746201,POINT (129.0523772 35.1549742)
1085,4929746202,POINT (129.0524920 35.1548560)
1086,4929746204,POINT (129.0526999 35.1546531)
1087,4929746206,POINT (129.0525269 35.1545851)
1088,4929746207,POINT (129.0525792 35.1549119)
1089,4929746209,POINT (129.0525463 35.1548032)
1090,4929746210,POINT (129.0524277 35.1546904)
1091,4929746211,POINT (129.0529829 35.1544619)
1092,4929746212,POINT (129.0527656 35.1543889)
1093,4929746213,POINT (129.0523620 35.1548127)
1094,4929757543,POINT (129.0536898 35.1582642)
1095,4929757545,POINT (129.0538560 35.1584596)
1096,4929757546,POINT (129.0539392 35.1591175)
1097,4929757548,POINT (129.0536989 35.1589735)
1098,4929757549,POINT (129.0536496 35.1593186)
1099,4929757552,POINT (129.0537884 35.1591163)
1100,4929757553,POINT (129.0533812 35.1592959)
1101,4929757554,POINT (129.0533877 35.1592304)
1102,4929757555,POINT (129.0534126 35.1591135)
1103,4929757556,POINT (129.0534986 35.1592279)
1104,4929757557,POINT (129.0535818 35.1596057)
1105,4929757558,POINT (129.0535791 35.1595286)
1106,4929757567,POINT (129.0527168 35.1583512)
1107,4929757568,POINT (129.0528803 35.1586872)
1108,4929757571,POINT (129.0529457 35.1582233)
1109,4929757572,POINT (129.0528266 35.1581832)
1110,4929757575,POINT (129.0529317 35.1578453)
1111,4929757576,POINT (129.0534118 35.1578490)
1112,4929757577,POINT (129.0530297 35.1581317)
1113,4929757578,POINT (129.0531069 35.1578470)
1114,4929757579,POINT (129.0527850 35.1587756)
1115,4929757580,POINT (129.0529247 35.1587750)
1116,4929757581,POINT (129.0534921 35.1600712)
1117,4929757582,POINT (129.0535223 35.1599252)
1118,4929757583,POINT (129.0538236 35.1600903)
1119,4929757584,POINT (129.0541351 35.1600943)
1120,4929757593,POINT (129.0550219 35.1617164)
1121,4929757594,POINT (129.0540256 35.1611011)
1122,4929757595,POINT (129.0541435 35.1609360)
1123,4929757596,POINT (129.0541879 35.1608424)
1124,4929757597,POINT (129.0543008 35.1606745)
1125,4929757598,POINT (129.0544276 35.1609978)
1126,4929757599,POINT (129.0546012 35.1610849)
1127,4929757600,POINT (129.0545929 35.1614912)
1128,4929757602,POINT (129.0547880 35.1614781)
1129,4929757603,POINT (129.0545428 35.1613082)
1130,4929757605,POINT (129.0547096 35.1613285)
1131,4929757606,POINT (129.0548074 35.1611921)
1132,4929757607,POINT (129.0550098 35.1612891)
1133,4929757608,POINT (129.0552863 35.1613892)
1134,4929757611,POINT (129.0556146 35.1615717)
1135,4929757612,POINT (129.0554832 35.1615305)
1136,4929757615,POINT (129.0554675 35.1617511)
1137,4929817217,POINT (129.0587338 35.1592075)
1138,4929817218,POINT (129.0588961 35.1593037)
1139,4929817219,POINT (129.0597826 35.1592117)
1140,4929817220,POINT (129.0599893 35.1594662)
1141,4929823621,POINT (129.0603350 35.1603532)
1142,4929823622,POINT (129.0605273 35.1602504)
1143,4929823623,POINT (129.0618485 35.1615748)
1144,4929823624,POINT (129.0614317 35.1618904)
1145,4929823625,POINT (129.0613378 35.1613123)
1146,4929823627,POINT (129.0613099 35.1610406)
1147,4929823628,POINT (129.0602959 35.1619479)
1148,4929823633,POINT (129.0603548 35.1616830)
1149,4929823634,POINT (129.0604097 35.1617104)
1150,4929823635,POINT (129.0604487 35.1616655)
1151,4929823637,POINT (129.0576620 35.1605702)
1152,4929823639,POINT (129.0578656 35.1605249)
1153,4929823640,POINT (129.0602394 35.1622378)
1154,4929823642,POINT (129.0579548 35.1627997)
1155,4929823643,POINT (129.0579553 35.1625234)
1156,4929823644,POINT (129.0581284 35.1625714)
1157,4929823645,POINT (129.0579447 35.1625896)
1158,4929823648,POINT (129.0582300 35.1627343)
1159,4929823653,POINT (129.0584923 35.1630135)
1160,4929823655,POINT (129.0585451 35.1627359)
1161,4929823659,POINT (129.0589049 35.1628357)
1162,4929823661,POINT (129.0588988 35.1629919)
1163,4929823662,POINT (129.0589883 35.1627098)
1164,4929823667,POINT (129.0602587 35.1637530)
1165,4929823668,POINT (129.0594019 35.1632014)
1166,4929823669,POINT (129.0595717 35.1632777)
1167,4929823670,POINT (129.0590147 35.1630517)
1168,4929823676,POINT (129.0591204 35.1629802)
1169,4929823677,POINT (129.0590696 35.1629470)
1170,4929823678,POINT (129.0592285 35.1628228)
1171,4929823679,POINT (129.0617020 35.1642166)
1172,4929823680,POINT (129.0618752 35.1639952)
1173,4929823681,POINT (129.0610778 35.1643189)
1174,4929823683,POINT (129.0610657 35.1639989)
1175,4929823684,POINT (129.0619784 35.1646403)
1176,4929823686,POINT (129.0621803 35.1648346)
1177,4929823687,POINT (129.0614852 35.1645340)
1178,4929823690,POINT (129.0617182 35.1644011)
1179,4929823691,POINT (129.0615411 35.1644551)
1180,4929823693,POINT (129.0613340 35.1642532)
1181,4929823694,POINT (129.0614332 35.1644027)
1182,4929823695,POINT (129.0614418 35.1643662)
1183,4929824735,POINT (129.0607278 35.1656217)
1184,4929824740,POINT (129.0596661 35.1650022)
1185,5084844897,POINT (129.0617802 35.1565188)
1186,5084844898,POINT (129.0617840 35.1562929)
1187,5084910481,POINT (129.0617297 35.1547911)
1188,5084910483,POINT (129.0622442 35.1547911)
1189,5192631540,POINT (129.0623426 35.1582768)
1190,5194607721,POINT (129.0547645 35.1558810)
1191,5264087900,POINT (129.0597979 35.1665247)
1192,5264087901,POINT (129.0601465 35.1666639)
1193,5264087904,POINT (129.0626718 35.1677328)
1194,5264087908,POINT (129.0542508 35.1643857)
1195,5272923867,POINT (129.0528000 35.1600558)
1196,5272923877,POINT (129.0513348 35.1602643)
1197,5272923878,POINT (129.0512519 35.1605164)
1198,5272923879,POINT (129.0512702 35.1608073)
1199,5272923880,POINT (129.0500182 35.1611703)
1200,5272923885,POINT (129.0516727 35.1607740)
1201,5272923888,POINT (129.0522769 35.1606065)
1202,5272923891,POINT (129.0517362 35.1603682)
1203,5272942791,POINT (129.0504083 35.1576218)
1204,5272942792,POINT (129.0504834 35.1573154)
1205,5272942793,POINT (129.0503112 35.1576087)
1206,5272942794,POINT (129.0503817 35.1576157)
1207,5272942795,POINT (129.0504313 35.1572248)
1208,5272942796,POINT (129.0503207 35.1571467)
1209,5272942797,POINT (129.0504574 35.1572702)
1210,5272942798,POINT (129.0505455 35.1572899)
1211,5272942799,POINT (129.0508950 35.1573399)
1212,5272942800,POINT (129.0509489 35.1574021)
1213,5272942801,POINT (129.0508844 35.1576639)
1214,5272942802,POINT (129.0509041 35.1577348)
1215,5272942810,POINT (129.0504662 35.1576349)
1216,5272942811,POINT (129.0508089 35.1577084)
1217,5272942812,POINT (129.0509711 35.1577758)
1218,5272942813,POINT (129.0510036 35.1578066)
1219,5272942814,POINT (129.0545823 35.1577876)
1220,5272942815,POINT (129.0545807 35.1574140)
1221,5272942816,POINT (129.0546969 35.1578779)
1222,5272942817,POINT (129.0547306 35.1578746)
1223,5272942818,POINT (129.0576986 35.1569686)
1224,5272942819,POINT (129.0579217 35.1569693)
1225,5283198850,POINT (129.0479199 35.1574601)
1226,5307678953,POINT (129.0560047 35.1646656)
1227,5307678954,POINT (129.0560282 35.1646071)
1228,5307678960,POINT (129.0564850 35.1643518)
1229,5307678981,POINT (129.0500120 35.1638644)
1230,5307678983,POINT (129.0504069 35.1636752)
1231,5307678985,POINT (129.0499944 35.1637119)
1232,5307678986,POINT (129.0499650 35.1635410)
1233,5307678987,POINT (129.0504177 35.1638008)
1234,5307678992,POINT (129.0524170 35.1587946)
1235,5613108465,POINT (129.0547693 35.1527293)
1236,5613108466,POINT (129.0561332 35.1510750)
1237,5613108467,POINT (129.0563293 35.1511854)
1238,5613108468,POINT (129.0565326 35.1512998)
1239,5613108470,POINT (129.0549276 35.1524977)
1240,5661250593,POINT (129.0654952 35.1527331)
1241,5661250598,POINT (129.0661656 35.1528064)
1242,5661250599,POINT (129.0662035 35.1522383)
1243,5661250600,POINT (129.0664508 35.1519859)
1244,5661250601,POINT (129.0665998 35.1517986)
1245,5856812145,POINT (129.0614983 35.1657117)
1246,5856812152,POINT (129.0619055 35.1657842)
1247,5856812153,POINT (129.0618379 35.1658782)
1248,5856812162,POINT (129.0639263 35.1664222)
1249,5921949734,POINT (129.0516805 35.1553581)
1250,5921949738,POINT (129.0519734 35.1558672)
1251,6611310505,POINT (129.0660757 35.1621775)
1252,6611330842,POINT (129.0634011 35.1621402)
1253,6611330844,POINT (129.0635654 35.1617690)
1254,6616995189,POINT (129.0614356 35.1522042)
1255,6616995191,POINT (129.0623892 35.1522067)
1256,6616995203,POINT (129.0623910 35.1527813)
1257,6616995221,POINT (129.0666532 35.1502958)
1258,6616995228,POINT (129.0672555 35.1509479)
1259,6624548559,POINT (129.0657686 35.1488035)
1260,6624552675,POINT (129.0696283 35.1485968)
1261,6745035327,POINT (129.0571664 35.1534174)
1262,6745035328,POINT (129.0571102 35.1537679)
1263,6745644198,POINT (129.0660689 35.1640162)
1264,6747200559,POINT (129.0616621 35.1589278)
1265,6747200560,POINT (129.0563683 35.1554006)
1266,6747200561,POINT (129.0563610 35.1549679)
1267,7042761314,POINT (129.0569978 35.1595455)
1268,7042761315,POINT (129.0568943 35.1598080)
1269,7042761316,POINT (129.0565065 35.1619965)
1270,7042761320,POINT (129.0671543 35.1639371)
1271,7045303745,POINT (129.0630211 35.1550277)
1272,7045303751,POINT (129.0684071 35.1530887)
1273,7053389257,POINT (129.0620832 35.1489446)
1274,7262556000,POINT (129.0666680 35.1666322)
1275,7311277159,POINT (129.0528364 35.1599598)
1276,7311277160,POINT (129.0528760 35.1598551)
1277,7311277161,POINT (129.0557300 35.1634954)
1278,7320778847,POINT (129.0673439 35.1498843)
1279,7428309888,POINT (129.0653482 35.1645512)
1280,7433661607,POINT (129.0599148 35.1534350)
1281,7433661608,POINT (129.0599262 35.1521930)
1282,7433661609,POINT (129.0623743 35.1483728)
1283,7433661610,POINT (129.0577714 35.1569688)
1284,7433661612,POINT (129.0578979 35.1539495)
1285,7433661613,POINT (129.0577059 35.1567635)
1286,7448305664,POINT (129.0605227 35.1477326)
1287,7448455547,POINT (129.0574400 35.1586890)
1288,7448455548,POINT (129.0535630 35.1558454)
1289,7448455549,POINT (129.0536674 35.1558485)
1290,7448455552,POINT (129.0537592 35.1558512)
1291,7448455553,POINT (129.0538264 35.1558532)
1292,7453983009,POINT (129.0652503 35.1494144)
1293,7453983012,POINT (129.0652809 35.1497148)
1294,7453983017,POINT (129.0624753 35.1504851)
1295,7454111120,POINT (129.0673421 35.1500776)
1296,7455395721,POINT (129.0626404 35.1487545)
1297,7455395725,POINT (129.0627071 35.1487766)
1298,7456532220,POINT (129.0633499 35.1600930)
1299,7456532222,POINT (129.0635096 35.1605420)
1300,7485109958,POINT (129.0515765 35.1553637)
1301,7485125949,POINT (129.0507691 35.1565971)
1302,7495702007,POINT (129.0656903 35.1493780)
1303,7567788892,POINT (129.0538009 35.1669690)
1304,7800096583,POINT (129.0549194 35.1653325)
1305,8172711032,POINT (129.0593751 35.1506406)
1306,8388332200,POINT (129.0570192 35.1561955)
1307,8906563513,POINT (129.0507645 35.1576989)
1308,8906563514,POINT (129.0505343 35.1576495)
1309,8906563515,POINT (129.0508448 35.1573327)
1310,8906563516,POINT (129.0506061 35.1572986)
1311,8906592618,POINT (129.0509303 35.1574775)
1312,8906592619,POINT (129.0508956 35.1576183)
1313,8906592622,POINT (129.0504672 35.1573814)
1314,8906592623,POINT (129.0504314 35.1575277)
1315,9136630945,POINT (129.0485894 35.1651693)
1316,9161039129,POINT (129.0644758 35.1557625)
1317,9161039131,POINT (129.0644866 35.1561233)
1318,9161039142,POINT (129.0642092 35.1557618)
1319,9161039143,POINT (129.0642043 35.1553843)
1320,9161039144,POINT (129.0646445 35.1565298)
1321,9161039145,POINT (129.0646535 35.1561250)
1322,9163791632,POINT (129.0554970 35.1667356)
1323,9163791634,POINT (129.0550196 35.1666719)
1324,9163791642,POINT (129.0562885 35.1658958)
1325,9291615243,POINT (129.0503866 35.1571932)
1326,9291615244,POINT (129.0545820 35.1577116)
1327,9291615245,POINT (129.0545812 35.1575313)
1328,9642820085,POINT (129.0672219 35.1557764)
1329,9673755308,POINT (129.0652995 35.1632518)
1330,9706723857,POINT (129.0637512 35.1634836)
1331,9706723864,POINT (129.0620985 35.1622374)
1332,9706723865,POINT (129.0623315 35.1618465)
1333,9861930126,POINT (129.0625255 35.1618833)
1334,9864859753,POINT (129.0653215 35.1494352)
1335,10694445595,POINT (129.0700577 35.1618369)
1336,10694445596,POINT (129.0704043 35.1613279)
1337,10694445616,POINT (129.0699164 35.1611780)
1338,10694446145,POINT (129.0709527 35.1621496)
1339,11428468628,POINT (129.0376796 35.1590366)
1340,11966196617,POINT (129.0623007 35.1612225)
1341,11966196621,POINT (129.0627487 35.1614700)
1342,11966237325,POINT (129.0597508 35.1534330)
1343,11966239376,POINT (129.0648443 35.1634128)
1344,11966239380,POINT (129.0651854 35.1613091)
1345,11966239381,POINT (129.0652048 35.1605339)
1346,11966239382,POINT (129.0652005 35.1593855)
1347,11966239383,POINT (129.0652141 35.1577428)
1348,11966239386,POINT (129.0651864 35.1624781)
1349,11966240031,POINT (129.0651393 35.1554868)
1350,11966240032,POINT (129.0652748 35.1554869)
1351,11966240033,POINT (129.0654690 35.1554869)
1352,11966240034,POINT (129.0655892 35.1554874)
1353,11966240035,POINT (129.0651460 35.1546291)
1354,11966240036,POINT (129.0655603 35.1546351)
1355,11966240037,POINT (129.0652851 35.1546311)
1356,11966240038,POINT (129.0654770 35.1546339)
1357,11966240039,POINT (129.0651207 35.1522997)
1358,11966240040,POINT (129.0651372 35.1518375)
1359,11966240041,POINT (129.0651337 35.1519362)
1360,11966240042,POINT (129.0651232 35.1522304)
1361,11966240043,POINT (129.0651409 35.1494022)
1362,11966240044,POINT (129.0653015 35.1492173)
1363,11966240045,POINT (129.0653131 35.1491873)
1364,11966240046,POINT (129.0652748 35.1491025)
1365,11966240047,POINT (129.0653059 35.1491714)
1366,11966240048,POINT (129.0651590 35.1493813)
1367,11966240049,POINT (129.0652680 35.1492559)
1368,11966240050,POINT (129.0650717 35.1494390)
1369,11966240051,POINT (129.0649660 35.1494770)
1370,11966240052,POINT (129.0650459 35.1494483)
1371,11966240053,POINT (129.0658064 35.1493232)
1372,11966240054,POINT (129.0657262 35.1495458)
1373,11966240055,POINT (129.0657792 35.1493989)
1374,11966240056,POINT (129.0658446 35.1492905)
1375,11966240057,POINT (129.0659366 35.1492575)
1376,11966240058,POINT (129.0652459 35.1498479)
1377,11966240059,POINT (129.0656857 35.1496583)
1378,11966240060,POINT (129.0652928 35.1498277)
1379,11966240061,POINT (129.0655508 35.1497165)
1380,11966240062,POINT (129.0650763 35.1500498)
1381,11966240063,POINT (129.0651093 35.1499802)
1382,11966240064,POINT (129.0650880 35.1500251)
1383,11966241692,POINT (129.0623485 35.1577236)
1384,11966241693,POINT (129.0606687 35.1577079)
1385,11966241696,POINT (129.0625074 35.1577228)
1386,11966241697,POINT (129.0598680 35.1577002)
1387,11966248335,POINT (129.0563247 35.1577665)
1388,11966248336,POINT (129.0563273 35.1574671)
1389,11966248337,POINT (129.0563267 35.1575399)
1390,11966248338,POINT (129.0563251 35.1577145)
1391,11966248339,POINT (129.0590583 35.1501420)
1392,11966248340,POINT (129.0593657 35.1500820)
1393,11966248341,POINT (129.0591493 35.1501122)
1394,12196588566,POINT (129.0531883 35.1651973)
1395,12353918429,POINT (129.0590703 35.1667674)
1396,12353918431,POINT (129.0597569 35.1665856)
1397,12353918432,POINT (129.0598757 35.1664233)
1398,12353918451,POINT (129.0600372 35.1663968)
1399,12506902233,POINT (129.0654693 35.1661132)
1400,12506902234,POINT (129.0653014 35.1661914)
1401,12506902236,POINT (129.0639056 35.1639039)
1402,12506902237,POINT (129.0661129 35.1669693)
1403,12506902240,POINT (129.0644245 35.1644189)
1404,12511733836,POINT (129.0644615 35.1636058)
1405,12520416835,POINT (129.0643858 35.1639342)
1406,12520416842,POINT (129.0619088 35.1611702)
1407,12520416843,POINT (129.0623149 35.1613010)
1408,12520416848,POINT (129.0623885 35.1617149)
1409,12520416856,POINT (129.0631244 35.1628877)
1410,12520416858,POINT (129.0626853 35.1623133)
1411,12520469236,POINT (129.0592625 35.1571416)
1412,12520469237,POINT (129.0592403 35.1566792)
1413,12520469238,POINT (129.0591010 35.1577396)
1414,12520469239,POINT (129.0590877 35.1576191)
1415,12520469241,POINT (129.0592822 35.1576448)
1416,12520469242,POINT (129.0598823 35.1577618)
1417,12520469243,POINT (129.0606671 35.1577713)
1418,12520469244,POINT (129.0590693 35.1584269)
1419,12520469246,POINT (129.0590596 35.1582521)
1420,12520469252,POINT (129.0619468 35.1614082)
1421,12520469254,POINT (129.0615372 35.1609138)
1422,12520469255,POINT (129.0607156 35.1598778)
1423,12520469256,POINT (129.0600626 35.1590533)
1424,12520469257,POINT (129.0594762 35.1583129)
1425,12540920618,POINT (129.0590353 35.1506450)
1426,12540920619,POINT (129.0590277 35.1503346)
1427,12540920620,POINT (129.0586348 35.1471091)
1428,12540920629,POINT (129.0590707 35.1488514)
1429,12540920630,POINT (129.0590573 35.1493676)
1430,12540920633,POINT (129.0590237 35.1508095)
1431,12540920636,POINT (129.0590264 35.1500989)
1432,12540920640,POINT (129.0591417 35.1497217)
1433,12540920641,POINT (129.0585020 35.1502623)
1434,12540920642,POINT (129.0590237 35.1502250)
1435,12540920643,POINT (129.0590358 35.1506899)
1436,12540920648,POINT (129.0594046 35.1521902)
1437,12540920649,POINT (129.0592871 35.1500879)
1438,12540920650,POINT (129.0591528 35.1502099)
1439,12540920651,POINT (129.0592920 35.1493692)
1440,12540920655,POINT (129.0593014 35.1482118)
1441,12540920660,POINT (129.0591256 35.1521867)
1442,12540920663,POINT (129.0590753 35.1553492)
1443,12540920664,POINT (129.0591060 35.1544786)
1444,12540920665,POINT (129.0591109 35.1534269)
1445,12540920666,POINT (129.0591501 35.1506952)
1446,12540920670,POINT (129.0590844 35.1566775)
1447,12540920671,POINT (129.0590800 35.1564307)
1448,12546130468,POINT (129.0599436 35.1663562)
1449,12546130470,POINT (129.0601590 35.1665586)
1450,12546130472,POINT (129.0600481 35.1667228)
1451,12546130476,POINT (129.0604037 35.1666696)
1452,12546130483,POINT (129.0602863 35.1662087)
1453,12546130484,POINT (129.0601683 35.1662038)
1454,12546130490,POINT (129.0596426 35.1663030)
1455,12546130491,POINT (129.0599655 35.1663538)
1456,12546130492,POINT (129.0599169 35.1663591)
1457,12546130500,POINT (129.0607233 35.1657604)
1458,12546151502,POINT (129.0601320 35.1664356)
1459,12546151503,POINT (129.0600749 35.1665199)
1460,12546151504,POINT (129.0599596 35.1666833)
1461,12546151505,POINT (129.0611319 35.1655357)
1462,12546151509,POINT (129.0639736 35.1639962)
1463,12546151513,POINT (129.0629183 35.1645385)
1464,12546151531,POINT (129.0655455 35.1632608)
1465,12546151532,POINT (129.0646393 35.1636607)
1466,12546151533,POINT (129.0640925 35.1639359)
1467,12546151536,POINT (129.0646949 35.1636314)
1468,12546151538,POINT (129.0653213 35.1633454)
1469,12546151539,POINT (129.0653626 35.1641479)
1470,12553673025,POINT (129.0505399 35.1683248)
1471,12553673040,POINT (129.0522993 35.1661486)
1472,12553673042,POINT (129.0512405 35.1658996)
1473,12553673054,POINT (129.0531672 35.1655973)
1474,12553673060,POINT (129.0531979 35.1657846)
1475,12553673061,POINT (129.0506309 35.1682041)
1476,12553673063,POINT (129.0519335 35.1665935)
1477,12553673064,POINT (129.0525767 35.1658112)
1478,12553673065,POINT (129.0531363 35.1651124)
1479,12553685479,POINT (129.0543751 35.1641689)
1480,12553685481,POINT (129.0543720 35.1636416)
1481,12553685488,POINT (129.0538082 35.1642804)
1482,12553685493,POINT (129.0552205 35.1625486)
1483,12553685499,POINT (129.0533823 35.1647934)
1484,12553685500,POINT (129.0534291 35.1647366)
1485,12553707582,POINT (129.0500410 35.1648363)
1486,12553707585,POINT (129.0488367 35.1630218)
1487,12553707598,POINT (129.0499612 35.1639985)
1488,12553708701,POINT (129.0536615 35.1644739)
1489,12553708702,POINT (129.0539819 35.1640848)
1490,12553708703,POINT (129.0540960 35.1639730)
1491,12553708704,POINT (129.0549298 35.1629627)
1492,12553708708,POINT (129.0554027 35.1622898)
1493,12553708709,POINT (129.0555947 35.1620150)
1494,12553708711,POINT (129.0560652 35.1615143)
1495,12553725986,POINT (129.0638464 35.1575080)
1496,12553725992,POINT (129.0631986 35.1577206)
1497,12553725997,POINT (129.0638491 35.1578155)
1498,12553725998,POINT (129.0654379 35.1578099)
1499,12553725999,POINT (129.0652109 35.1578165)
1500,12553763727,POINT (129.0507439 35.1625956)
1501,12553763730,POINT (129.0504173 35.1617027)
1502,12553763731,POINT (129.0503374 35.1618859)
1503,12553763734,POINT (129.0519994 35.1631298)
1504,12553763740,POINT (129.0536887 35.1638247)
1505,12553763741,POINT (129.0502007 35.1623609)
1506,12553763742,POINT (129.0507859 35.1626150)
1507,12553763744,POINT (129.0525657 35.1633504)
1508,12553763745,POINT (129.0530746 35.1635613)
1509,12553768088,POINT (129.0625070 35.1577961)
1510,12553768089,POINT (129.0623479 35.1577969)
1511,12553780001,POINT (129.0647990 35.1578210)
1512,12553780005,POINT (129.0654436 35.1568849)
1513,12558301151,POINT (129.0643312 35.1619335)
1514,12558301163,POINT (129.0642155 35.1619023)
1515,12558301167,POINT (129.0643607 35.1614761)
1516,12558301168,POINT (129.0659317 35.1622390)
1517,12558301170,POINT (129.0654204 35.1629341)
1518,12558301172,POINT (129.0652248 35.1628659)
1519,12558301182,POINT (129.0654225 35.1611667)
1520,12558301200,POINT (129.0651941 35.1609770)
1521,12558310082,POINT (129.0718241 35.1534980)
1522,12558310093,POINT (129.0700731 35.1539258)
1523,12558310094,POINT (129.0698918 35.1547286)
1524,12558321578,POINT (129.0692752 35.1571377)
1525,12558321580,POINT (129.0695015 35.1578128)
1526,12558321581,POINT (129.0684047 35.1587601)
1527,12558321589,POINT (129.0680440 35.1589082)
1528,12558321593,POINT (129.0699953 35.1567360)
1529,12558321600,POINT (129.0713287 35.1562079)
1530,12558333722,POINT (129.0698971 35.1572682)
1531,12558342703,POINT (129.0700221 35.1547185)
1532,12558359604,POINT (129.0652075 35.1601876)
1533,12558359607,POINT (129.0646832 35.1607237)
1534,12558359610,POINT (129.0647972 35.1613158)
1535,12558501306,POINT (129.0632683 35.1487523)
1536,12558501308,POINT (129.0632625 35.1484698)
1537,12558514568,POINT (129.0627359 35.1487342)
1538,12558514592,POINT (129.0631349 35.1488974)
1539,12558514594,POINT (129.0626621 35.1487100)
1540,12558514595,POINT (129.0632844 35.1488653)
1541,12558529607,POINT (129.0634681 35.1485078)
1542,12581590900,POINT (129.0443093 35.1577512)
1543,12584783590,POINT (129.0679850 35.1618958)
1544,12584783596,POINT (129.0686844 35.1623503)
1545,12584875603,POINT (129.0689573 35.1628431)
1546,12584875604,POINT (129.0689571 35.1637511)
1547,12736739353,POINT (129.0657929 35.1659260)
1548,12736739354,POINT (129.0650943 35.1650388)
1549,12736739363,POINT (129.0651087 35.1650129)
1550,12736739364,POINT (129.0651352 35.1650004)
1551,12736739376,POINT (129.0649783 35.1650975)
1552,12736739379,POINT (129.0656544 35.1659776)
1553,12736739384,POINT (129.0660204 35.1658812)
1554,12736739388,POINT (129.0659520 35.1659185)
1555,12736740562,POINT (129.0664141 35.1667156)
1556,12736740563,POINT (129.0659489 35.1660027)
1557,12736740570,POINT (129.0658674 35.1658983)
1558,12736740571,POINT (129.0651568 35.1650093)
1559,12736740579,POINT (129.0644403 35.1639483)
1560,12736740619,POINT (129.0651334 35.1649810)
1561,12736740620,POINT (129.0650993 35.1649381)
1562,12736740656,POINT (129.0649372 35.1649230)
1563,12736740658,POINT (129.0648489 35.1646840)
1564,12736740664,POINT (129.0651140 35.1648334)
1565,12736740665,POINT (129.0650030 35.1646431)
1566,12736872504,POINT (129.0655458 35.1660776)
1567,12814331555,POINT (129.0505953 35.1504183)
1568,12814331572,POINT (129.0489714 35.1519079)
1569,12814342109,POINT (129.0475178 35.1536636)
1570,12814342114,POINT (129.0484865 35.1535875)
1571,12814342122,POINT (129.0490434 35.1493767)
1572,12814342127,POINT (129.0493296 35.1503779)
1573,12814342129,POINT (129.0528863 35.1487344)
1574,12814386275,POINT (129.0485291 35.1584466)
1575,12814386279,POINT (129.0482432 35.1587943)
1576,12814386283,POINT (129.0478155 35.1592069)
1577,12814467414,POINT (129.0473336 35.1635862)
1578,12814467422,POINT (129.0482240 35.1631707)
1579,12815487326,POINT (129.0649162 35.1500217)
1580,12815487335,POINT (129.0648506 35.1499805)
1581,12815487349,POINT (129.0647495 35.1498744)
1582,12872305396,POINT (129.0563430 35.1662534)
1583,12872380601,POINT (129.0558942 35.1667600)
1584,12872380603,POINT (129.0559500 35.1666703)
1585,12872798744,POINT (129.0558312 35.1665997)
1586,12872798750,POINT (129.0557507 35.1665449)
1587,12872798754,POINT (129.0555918 35.1666359)
1588,12872798756,POINT (129.0556663 35.1666546)
1589,12872798759,POINT (129.0556750 35.1663196)
1590,12872798764,POINT (129.0559378 35.1664468)
1591,12872798772,POINT (129.0558500 35.1663235)
1592,12872798787,POINT (129.0559714 35.1663865)
1593,12872798797,POINT (129.0560411 35.1663810)
1594,12872798799,POINT (129.0560444 35.1664172)
1595,12872810606,POINT (129.0560726 35.1664199)
1596,12872810608,POINT (129.0561229 35.1664298)
1597,12872810615,POINT (129.0561115 35.1666255)
1598,12872810618,POINT (129.0560646 35.1665992)
1599,12872810622,POINT (129.0556481 35.1665652)
1600,12872810626,POINT (129.0556911 35.1664260)
1601,12872810630,POINT (129.0557863 35.1664254)
1602,12872810634,POINT (129.0558929 35.1665296)
1603,12872810643,POINT (129.0561853 35.1663300)
1604,12872810644,POINT (129.0561725 35.1663783)
1605,12872810645,POINT (129.0561584 35.1663498)
1606,12872810650,POINT (129.0559388 35.1662264)
1607,12872810653,POINT (129.0560612 35.1662201)
1608,12872810658,POINT (129.0561957 35.1662144)
1609,12872810664,POINT (129.0561013 35.1661948)
1610,12872810670,POINT (129.0561075 35.1662401)
1611,12872810673,POINT (129.0560719 35.1661820)
1612,12872810677,POINT (129.0559948 35.1662604)
1613,12872810678,POINT (129.0559680 35.1662747)
1614,12872810681,POINT (129.0561081 35.1663832)
1615,12872810686,POINT (129.0561236 35.1665504)
1616,12872810691,POINT (129.0559888 35.1664846)
1617,12872810694,POINT (129.0559895 35.1664161)
1618,12872810696,POINT (129.0559164 35.1664145)
1619,12872810707,POINT (129.0557457 35.1663435)
1620,12872810714,POINT (129.0558128 35.1664547)
1621,12872810716,POINT (129.0557353 35.1664594)
1622,12872810719,POINT (129.0557189 35.1663873)
1623,12872810730,POINT (129.0557236 35.1665079)
1624,12872810735,POINT (129.0557980 35.1665614)
1625,12872810739,POINT (129.0557387 35.1666587)
1626,12872810745,POINT (129.0558584 35.1666228)
1627,12872810758,POINT (129.0560773 35.1666661)
1628,12872810761,POINT (129.0560921 35.1662659)
1629,13026515102,POINT (129.0695176 35.1652571)
1630,13026515103,POINT (129.0701873 35.1650706)
1631,13273390970,POINT (129.0648142 35.1606658)
